---
title: " [2주차 TIL] KnockOn Bootcamp MySQL"
date: 2025-04-11 11:30 +0900
categories: ["Web",'Web Overview']
tags: [web ,server,SQL,MYSQL]
mermaid: true
---

## MySQL의 개념과 특징

- MYSQL은 오픈소스로 자유롭게 수정배포가 가능합니다.
- 관계형 데이터 베이스 모델을 사용합니다.
    - 이를 통해 데이터를 테이블로 관리합니다. 
    - 데이터 무결성을 유지할수 있습니다.
- 데이터 베이스 시스템을 DBMS라고 부르게 됩니다. 
- MYSQL은 관계형데이터 베이스 입니다. 따라서 RDBMS라고 부르게 됩니다.

### 특징
- RDBMS에는 여러가지가 있습니다. 대표적으로 MYSQL과 Oracle가 존재하지만 MYSQL은 오픈소스 이므로 무료입니다.

- MYSQL은 Windows, Linux, macOS 등 여러 운영체제에서 사용가능합니다.

## 데이터베이스 및 테이블 생성 방법

### 데이터베이스 생성
- 데이터베이스를 생성하려면 아래와 같은 명령어를 이용하여야 합니다.

    ```sql
    CREATE DATABASE [Name];
    -- 예시
    CREATE DATABASE Student_DB;
    ```
- CREATE 명령어를 사용하여 특정 이름을 가진 데이터베이스를 생성할수 있습니다.

### 테이블 생성
- 테이블을 생성하는 방법은 데이터베이스 생성할때 사용한 CREATE 명령어를 사용하면 됩니다.

```sql
CREATE TABLE [NAME](
    column1 [type] [option],
    column2 [type] [option],
    column3 [type] [option],
    column4 [type] [option],
);
```

- 테이블 생성을 하는 방법이며 Type는 각 컬럼의 데이터타입을 명시합니다.
- option은 각 컬럼의 제약조건,설정을 할수 있습니다.
- 이러한 방법을 사용할수 있습니다. 아래는 학생정보를 저장하는 테이블을 생성해보겠습니다.

```sql
CREATE TABLE Students (
    student_id INT AUTO_INCREMENT PRIMARY KEY,
    name VARCHAR(50) NOT NULL,
    birthdate DATE NOT NULL,
    major VARCHAR(100)
);

```

- 위의 코드를 해석하면 Students에는 학생에 대한 속성이 들어있고 학생 고유id는 자동 증가를 하며 다른테이블에서 참고할때 사용되는 key를 명시합니다.
- 그리고 name,birthdate는 NULL값을 허용하지 않으며 name는 문자열로 50자 까지만 저장합니다.
- major는 100자 까지 문자열을 입력받으며 별다른 제약조건은 없습니다.

### 데이터 베이스(DataBase,DB) / 테이블(table)의 의미와 관계

- **데이터베이스(DB)**
    - 데이터를 체계적으로 저장하고 관리하기 위한 데이터의 집합입니다.
- **테이블(Table)**
    - DB안에 존재하며 실제 데이터들을 **행(Row)과 열(Column)**의 구조로 저장하는 기본 단위입니다.
- **관계**

    ```mermaid

    graph TD
        DB[Database: Student_DB]
        DB --> T1[Table: Students]
        DB --> T2[Table: Courses]
        DB --> T3[Table: Grades]


    ```

    - 하나의 데이터베이스 안에는 여러 개의 테이블이 존재할 수 있습니다.

    - 테이블은 특정 주제나 객체에 대한 데이터를 저장합니다.
        - `예시)` 학생 테이블은 이름, 생년월일, 전공 등의 속성을 가짐
        - 테이블은 아래와 같은 형태로 저장됩니다.

        | 이름   | 생년월일     | 전공       |
        |--------|--------------|------------|
        | 김철수 | 2000-01-01   | 컴퓨터공학 |
        | 이영희 | 2001-03-05   | 경영학     |
        



    -  이러한 관계를 다이어그램으로 나타내는 것을 ERD라고 부르게 됩니다. 아래는 ERD의 예시 입니다.

    ```mermaid
    erDiagram
        STUDENTS ||--o{ GRADES : "학생이 성적을 가진다"
        COURSES ||--o{ GRADES : "과목이 성적을 가진다"

        STUDENTS {
            int student_id PK "학생 ID (Primary Key)"
            string name "이름"
            date birthdate "생년월일"
            string major "전공"
        }

        COURSES {
            int course_id PK "과목 ID (Primary Key)"
            string title "과목명"
            string professor "담당 교수"
        }

        GRADES {
            int grade_id PK "성적 ID (Primary Key)"
            int student_id FK "학생 ID (Foreign Key)"
            int course_id FK "과목 ID (Foreign Key)"
            string grade "성적 (A, B, C 등)"
        }


    ```

## 기본적인 SQL 쿼리문 작성 방법

- SQL은 기본적으로 Create(생성), Read(읽기), Update(갱신), Delete(삭제) 기능을 제공합니다. 

### 조회(SELECT)
- 조회 기능은 데이터를 읽어오는(Read) 기능입니다. 
- SELECT 라는 명령어를 사용합니다.
    ```sql
    SELECT column1, column2, ...
    FROM table_name
    WHERE condition
    ORDER BY column [ASC|DESC];

    ```
    - 원하는 컬럼을 선택해야합니다.
    - 데이터를 가져올 테이블을 지정하여야 합니다.
    - 조건을 설정하여 조건에 맞는 데이터만 가져올수 있습니다.
    - 결과를 특정 컬럼을 기준으로 정렬할수 있습니다.
- 예시로 학생 테이블에서 전공이 컴퓨터 공학인 학생의 이름, 생일을 가져오는 SQL쿼리문을 작성해보겠습니다.

```sql

SELECT name, birthdate FROM students WHERE major ='컴퓨터공학';

```

### 삽입(INSERT)
- 데이터를 삽입할때 사용합니다.
- INSERT 명령어를 사용하며 어떤 테이블에 어떤 컬럼에 어떤 값을 넣을지 명시해야 합니다.

```sql
INSERT INTO Table_name(column1,column2,...)VALUES(value1,value2,...);
-- 예시: student 테이블에 새로운 학생을 추가합니다.이름은 김철수, 생년월일은 2000년 1월 1일 전공은 컴퓨터공학 입니다.

INSERT INTO students (name, birthdate, major)
VALUES ('김철수', '2000-01-01', '컴퓨터공학');

```

### 수정(UPDATE)
- UPDATE문은 컬럼값을 수정할때 사용됩니다. 
- 주의사항으로는 조건을 정확하게 명시해야 합니다. 
    - 명시하지 않을 경우는 해당 컬럼의 전체를 수정합니다.
    - 중복으로 수정될수 있습니다.

```sql
UPDATE Table_name SET column1=value1,column2=value2 WHERE ...
```
-  이러한 구조를 가지고 있습니다.
- 아래는 student_id가 1인 학생의 전공을 바꿔보는 코드 입니다.

```sql
UPDATE students SET major = '데이터사이언스' WHERE student_id = 1;

```

### 삭제(DELETE)
- 데이터를 삭제하기 위해서는 DELETE명령어를 사용합니다.
- UPDATE와 같이 조건문을 정확하게 명시해야 합니다. 
    - 만약 조건문을 명시하지 않을경우 테이블에 모든 값이 삭제될수 있습니다.
    - 잘못된 조건을 명시하였을 경우 다른데이터도 삭제될수 있습니다.

```sql

DELETE FROM Table_name WHERE ...

```

- 예시로 전공이 데이터사이언스 이고 이름이 김철수 라는 학생을 삭제하는 코드를 작성해 보겠습니다.

```sql 
DELETE FROM students WHERE major = '데이터사이언스' AND name = '김철수';

```

## 데이터 조작 및 관리
- 데이터를 조작하거나 정렬, 집계, 테이블을 결합등 다양한 조작이나 관리를 위해서는 SQL의 다양한 문법과 구문을 활용해야 합니다.
- 이러한 기능들은 단순한 조회를 넘어서 복잡한 데이터를 효율적으로 분석하고 관리하는 데 필수적입니다.

### 데이터 조작
- 위에서 SQL은 기본적으로 Create(생성), Read(읽기), Update(갱신), Delete(삭제) 기능을 제공한다고 하였습니다.
- 이를 CRUD라고 부르며, 웹 개발에서 가장 중요한 기본 기능으로, 사실상 웹 개발의 핵심이라고 할 수 있습니다.
#### 데이터 정렬
- ORDER BY를 이용하여 오름차순,내림차순으로 정렬합니다.
- 아래는 컴퓨터 공학과 소속학생의 이름과 생일을 생일이 빠른순으로 정렬하는 SQL쿼리 입니다.

#### 집계
- 집계는 통계를 낼 상황에 주로 사용이 됩니다.
- GROUP BY를 통해 특정 컬럼을 기준으로 행들을 그룹화 합니다.
- HAVING절은 그룹화된 데이터에서 조건을 추가하는것 입니다.
- 예를들어 생일이 같은 학생의 이름과 전공,생일을 출력하는 코드입니다. 

```sql

SELECT name, major, birthdate FROM students GROUP BY birthdate, name, major HAVING COUNT(birthdate) > 1;

```

#### JOIN
- 여러 테이블에서 데이터 결합하여 조회할때 사용이 됩니다.
- 예시로 `Jack`라는 학생이 수강한 강의와 학점을 출력해보는 코드를 작성해보겠습니다.

```sql

SELECT s.name, c.title, g.grade FROM students s JOIN grades g ON s.student_id = g.student_id JOIN courses c ON g.course_id = c.course_id WHERE s.name = 'Jack';

```
## 실습
### Mysql 로컬 환경에서 설치 후 위의 내용 실습하기
- 현재 작성자는 Ubuntu22.04.06 TLS 버전에서 실습을 하고 있습니다.

1. MYSQL을 설치합니다.

```shell

 sudo apt-get install mysql-server

```

2. mysql에 접속합니다.

```shell
sudo mysql -u root -p
```
3. 그리고 데이터 베이스를 생성합니다. 
- 생성후 정확하게 생성되었는지 확인을 해봅니다.

```shell
CREATE DATABASE example;
show databases;
```
4. 데이터베이스에 접속후 테이블을 생성합니다.

```sql

mysql> USE example
Database changed
mysql> CREATE TABLE users (
         id INT AUTO_INCREMENT PRIMARY KEY,
         username VARCHAR(50) NOT NULL,
         email VARCHAR(100) NOT NULL
     );
Query OK, 0 rows affected (0.10 sec)

```

5. 데이터를 삽입합니다.

```sql
mysql> INSERT INTO users (username,email) VALUES('user1','user1@gmail.com');
Query OK, 1 row affected (0.09 sec)

```
6. 데이터를 출력해보겠습니다.

```sql
mysql> SELECT * FROM users;
+----+----------+-----------------+
| id | username | email           |
+----+----------+-----------------+
|  1 | user1    | user1@gmail.com |
+----+----------+-----------------+
1 row in set (0.00 sec)
```

7. 데이터 수정을 해보겠습니다.

```sql
mysql> UPDATE users SET email = 'newemail@example.com' WHERE id = 1;
Query OK, 1 row affected (0.07 sec)
Rows matched: 1  Changed: 1  Warnings: 0
```

8. 데이터를 삭제해보겠습니다.

```sql
mysql> DELETE FROM users WHERE id = 1;
Query OK, 1 row affected (0.24 sec)

mysql> SELECT * FROM users;
Empty set (0.00 sec)
```

### JOIN을 사용하여 여러 테이블 간 관계 설정하기
- Join을 실습하기 위해서는 database를 다시 구현해야 합니다.

```sql
CREATE TABLE STUDENTS (
    student_id INT AUTO_INCREMENT PRIMARY KEY,
    name VARCHAR(100) NOT NULL,
    birthdate DATE NOT NULL,
    major VARCHAR(100)
);

CREATE TABLE COURSES (
    course_id INT AUTO_INCREMENT PRIMARY KEY,
    title VARCHAR(100) NOT NULL,
    professor VARCHAR(100)
);

CREATE TABLE GRADES (
    grade_id INT AUTO_INCREMENT PRIMARY KEY,
    student_id INT NOT NULL,
    course_id INT NOT NULL,
    grade ENUM('A', 'B', 'C', 'D', 'F') NOT NULL,
    FOREIGN KEY (student_id) REFERENCES STUDENTS(student_id),
    FOREIGN KEY (course_id) REFERENCES COURSES(course_id)
);
-- 데이터 삽입
mysql> INSERT INTO STUDENTS (name, birthdate, major) VALUES
    -> ('김지호', '2000-03-15', '컴퓨터공학'),
    -> ('이민아', '1999-07-22', '수학'),
    -> ('박준서', '2001-01-10', '물리학');
Query OK, 3 rows affected (0.01 sec)
Records: 3  Duplicates: 0  Warnings: 0

mysql> INSERT INTO COURSES (title, professor) VALUES
    -> ('데이터베이스 시스템', '최박사'),
    -> ('선형대수학', '김교수'),
    -> ('양자역학', '이박사');
Query OK, 3 rows affected (0.01 sec)
Records: 3  Duplicates: 0  Warnings: 0
mysql> INSERT INTO GRADES (student_id, course_id, grade) VALUES
    -> (4, 4, 'A'),
    -> (4, 5, 'B'),
    -> (5, 5, 'A'),
    -> (5, 6, 'C'),
    -> (6, 4, 'B'),
    -> (6, 6, 'A');
-- 학생 이름과 각 과목에 대한 성적 조회
mysql> SELECT s.name,c.title,g.grade from GRADES g Join STUDENTS s ON g.student_id=s.student_id JOIN COURSES c ON c.course_id=g.course_id;
+-----------+------------------------------+-------+
| name      | title                        | grade |
+-----------+------------------------------+-------+
| 김지호    | 데이터베이스 시스템          | A     |
| 김지호    | 선형대수학                   | B     |
| 이민아    | 선형대수학                   | A     |
| 이민아    | 양자역학                     | C     |
| 박준서    | 데이터베이스 시스템          | B     |
| 박준서    | 양자역학                     | A     |
+-----------+------------------------------+-------+
6 rows in set (1.11 sec)
-- 학생별 전체 수강 과목 수 

mysql> SELECT s.name,COUNT(*) FROM STUDENTS s JOIN GRADES g ON s.student_id = g.student_id GROUP BY s.name;
+-----------+----------+
| name      | COUNT(*) |
+-----------+----------+
| 김지호    |        2 |
| 이민아    |        2 |
| 박준서    |        2 |
+-----------+----------+
3 rows in set (0.08 sec)
-- 성적이 'A'인 학생만 조회
mysql> SELECT s.name,c.title,g.grade from GRADES g Join STUDENTS s ON g.student_id=s.student_id JOIN COURSES c ON c.course_id=g.course_id WHERE g.grade ='A';
+-----------+------------------------------+-------+
| name      | title                        | grade |
+-----------+------------------------------+-------+
| 김지호    | 데이터베이스 시스템          | A     |
| 이민아    | 선형대수학                   | A     |
| 박준서    | 양자역학                     | A     |
+-----------+------------------------------+-------+
3 rows in set (0.00 sec)
```

### 데이터베이스 접근 제한, 사용자 권한 설정하기
- 데이터베이스는 웹사이트에서 매우 중요한 요소중 하나입니다. 
- 데이터베이스에 사용자를 분류하여 권한을 설정해주어야 합니다. 

1. 사용자 생성

```sql
mysql> CREATE USER 'newuser'@'localhost' IDENTIFIED BY 'password';
Query OK, 0 rows affected (0.74 sec)
```
- newuser라는 이름을 가진 사용자를 생성합니다.
- 그리고 비밀번호는 'password' 입니다.

2. 권한 부여

```sql

mysql> GRANT ALL PRIVILEGES ON example.* TO 'newuser'@'localhost';
Query OK, 0 rows affected (0.01 sec)
```

- GRANT는 사용자에게 권한부여를 하는 명령어 입니다.
- ALL PRIVILEGES는 모든권한을 부여하는 것 입니다.
- ON example.* 는 example라는 데이터베이스에 있는 모든 테이블 에 대하여 라는 뜻입니다.(`*` 와일드 카드 입니다.와일드 카드는 모든것을 의미합니다. )
- TO 'newuser'@'localhost' 이것은 권한을 받을 사용자를 명시한것입니다. newuser 라는 이름으로 localhost에서 접속하는 사용자에게 권한 부여하는 것 입니다.

3. 설정반영 /권한 회수
- 설정한 권한을 반영하는 방법입니다.

```sql
mysql> FLUSH PRIVILEGES;
--권한 확인
mysql> SHOW GRANTS FOR 'newuser'@'localhost';
+-----------------------------------------------------------------+
| Grants for newuser@localhost                                    |
+-----------------------------------------------------------------+
| GRANT USAGE ON *.* TO `newuser`@`localhost`                     |
| GRANT ALL PRIVILEGES ON `example`.* TO `newuser`@`localhost` |
+-----------------------------------------------------------------+
2 rows in set (0.06 sec)


```

- 권한 회수 명령어는 REVORK문을 사용합니다.

```sql

-- 권한 회수

mysql> REVOKE ALL PRIVILEGES ON example.* FROM 'newuser'@'localhost';
Query OK, 0 rows affected (0.60 sec)
-- 적용
mysql> FLUSH PRIVILEGES;
Query OK, 0 rows affected (0.01 sec)

-- 확인
mysql> SHOW GRANTS FOR 'newuser'@'localhost';
+---------------------------------------------+
| Grants for newuser@localhost                |
+---------------------------------------------+
| GRANT USAGE ON *.* TO `newuser`@`localhost` |
+---------------------------------------------+
1 row in set (0.00 sec)

```

### 백업
- 데이터 베이스는 백업을 통하여 향후 문제가 생겨서 데이터베이스가 삭제된 경우 복원하는데 사용할수 있습니다.

- username는 권한이 있는 사용자입니다.

```shell
 mysqldump -u username -p example > exampledb_backup.sql

ls -al | grep 'exampledb_backup.sql'
1919 Apr 11 07:18 exampledb_backup.sql

```
- 정상적으로 백업이 되었습니다.

### 복원

```shell
mysql -u username -p example < exampledb_backup.sql

```
- 위와 같은 명령어를 이용함으로 복원이 됩니다.